INSERT INTO user( id, dtype,last_name, name,password,role,user_name,jmbg,address,date_of_birth,gender,picture_path) VALUES ( '1','Student', 'Peric', 'Pera', "$2a$10$KVlDpMjpRVu8WiMQrttt4.epl6aBcI0V9BlwUxzEakFrCEaGVrQ7C", 'STUDENT', 'student', '23525235235233', 'Nusiceva 5', '2008-10-03 22:59:52', 'm', 'da');
INSERT INTO user( id, dtype,last_name, name,password,role,user_name,jmbg,address,date_of_birth,gender,picture_path) VALUES ( '2','Student', 'Miric', 'Mitar', "$2a$10$KVlDpMjpRVu8WiMQrttt4.epl6aBcI0V9BlwUxzEakFrCEaGVrQ7C", 'STUDENT', 'mitar', '23525235235233', 'Sremska 12', '2008-10-03 22:59:52', 'm', 'da');
INSERT INTO user( id, dtype,last_name, name,password,role,user_name,jmbg,address,date_of_birth,gender,picture_path) VALUES ( '3','Student', 'Sakic', 'Sinan', "$2a$10$KVlDpMjpRVu8WiMQrttt4.epl6aBcI0V9BlwUxzEakFrCEaGVrQ7C", 'STUDENT', 'sinan', '23525235235233', 'Mileticeva 24', '2008-10-03 22:59:52', 'm', 'da');
INSERT INTO user( id, dtype,last_name, name,password,role,user_name,jmbg,address,date_of_birth,gender,picture_path) VALUES ( '4','Student', 'Polumenta', 'Sakib', "$2a$10$KVlDpMjpRVu8WiMQrttt4.epl6aBcI0V9BlwUxzEakFrCEaGVrQ7C", 'STUDENT', 'sakib', '23525235235233', 'Oktobarska 12', '2008-10-03 22:59:52', 'm', 'da');
INSERT INTO user( id, dtype,last_name, name,password,role,user_name,jmbg,address,date_of_birth,gender,picture_path) VALUES ( '5','Student', 'Gabric', 'Gabica', "$2a$10$KVlDpMjpRVu8WiMQrttt4.epl6aBcI0V9BlwUxzEakFrCEaGVrQ7C", 'STUDENT', 'gabica', '23525235235233', 'Cara Dusana 7', '2008-10-03 22:59:52', 'm', 'da');
INSERT INTO user( id, dtype,last_name, name,password,role,user_name,jmbg,address,date_of_birth,gender,picture_path) VALUES ( '6','Student', 'Malinovic', 'Ilija', "$2a$10$KVlDpMjpRVu8WiMQrttt4.epl6aBcI0V9BlwUxzEakFrCEaGVrQ7C", 'STUDENT', 'ikija', '23525235235233', 'Trifkovica trg 1a', '2008-10-03 22:59:52', 'm', 'da');
INSERT INTO user( id, dtype,last_name, name,password,role,user_name,jmbg,address,date_of_birth,gender,picture_path) VALUES ( '7','Student', 'Nedovic', 'Djordje', "$2a$10$KVlDpMjpRVu8WiMQrttt4.epl6aBcI0V9BlwUxzEakFrCEaGVrQ7C", 'STUDENT', 'djole', '23525235235233', 'Kralja Petra I 12', '2008-10-03 22:59:52', 'm', 'da');
INSERT INTO user( id, dtype,last_name, name,password,role,user_name,jmbg,address,date_of_birth,gender,picture_path) VALUES ( '8','Student', 'Novakovic', 'Milos', "$2a$10$KVlDpMjpRVu8WiMQrttt4.epl6aBcI0V9BlwUxzEakFrCEaGVrQ7C", 'STUDENT', 'nole', '23525235235233', 'Stevana Sremca 13', '2008-10-03 22:59:52', 'm', 'da');

INSERT INTO user( id, dtype,last_name, name,password,role,user_name) VALUES ( '10','User', 'Blagojcic', 'Stevan', "$2a$10$KVlDpMjpRVu8WiMQrttt4.epl6aBcI0V9BlwUxzEakFrCEaGVrQ7C", 'ADMIN', 'admin');
INSERT INTO user(id, dtype ,last_name, name,password,role,user_name,jmbg,address,date_of_birth,gender,picture_path,title) VALUES ( '9','Professor',  'Gabric', 'Stefan', "$2a$10$KVlDpMjpRVu8WiMQrttt4.epl6aBcI0V9BlwUxzEakFrCEaGVrQ7C", 'PROFESSOR', 'profesor', '1313121251251', 'Sremska 33', '2008-10-03 22:59:52', 'm', 'da', 'neki veliki dr mr');
INSERT INTO user(id, dtype ,last_name, name,password,role,user_name,jmbg,address,date_of_birth,gender,picture_path,title) VALUES ( '11','Professor',  'Sumadinac', 'Zoran', "$2a$10$KVlDpMjpRVu8WiMQrttt4.epl6aBcI0V9BlwUxzEakFrCEaGVrQ7C", 'PROFESSOR', 'zoki', '1313121251251', 'Cirilo i Metodije 33', '2008-10-03 22:59:52', 'm', 'da', 'DR');
INSERT INTO user(id, dtype ,last_name, name,password,role,user_name,jmbg,address,date_of_birth,gender,picture_path,title) VALUES ( '12','Professor',  'Saulic', 'Saban', "$2a$10$KVlDpMjpRVu8WiMQrttt4.epl6aBcI0V9BlwUxzEakFrCEaGVrQ7C", 'PROFESSOR', 'saban', '1313121251251', 'Kralj Milutin 33', '2008-10-03 22:59:52', 'm', 'da', 'DR');
INSERT INTO user(id, dtype ,last_name, name,password,role,user_name,jmbg,address,date_of_birth,gender,picture_path,title) VALUES ( '13','Professor',  'Aleksic', 'Milovan', "$2a$10$KVlDpMjpRVu8WiMQrttt4.epl6aBcI0V9BlwUxzEakFrCEaGVrQ7C", 'PROFESSOR', 'miki', '1313121251251', 'Petra Kocica 33', '2008-10-03 22:59:52', 'm', 'da', 'DR');
INSERT INTO user(id, dtype ,last_name, name,password,role,user_name,jmbg,address,date_of_birth,gender,picture_path,title) VALUES ( '14','Professor',  'Kloni', 'Gase', "$2a$10$KVlDpMjpRVu8WiMQrttt4.epl6aBcI0V9BlwUxzEakFrCEaGVrQ7C", 'PROFESSOR', 'gase', '1313121251251', 'Trg neznanog junaka 33', '2008-10-03 22:59:52', 'm', 'da', 'DR');
INSERT INTO user(id, dtype ,last_name, name,password,role,user_name,jmbg,address,date_of_birth,gender,picture_path,title) VALUES ( '15','Professor',  'Gabrex', 'Steffyy', "$2a$10$KVlDpMjpRVu8WiMQrttt4.epl6aBcI0V9BlwUxzEakFrCEaGVrQ7C", 'PROFESSOR', 'stefy', '1313121251251', 'Hajduk Veljka 33', '2008-10-03 22:59:52', 'm', 'da', 'DR');
INSERT INTO user(id, dtype ,last_name, name,password,role,user_name,jmbg,address,date_of_birth,gender,picture_path,title) VALUES ( '16','Professor',  'Modrica', 'Ikija97', "$2a$10$KVlDpMjpRVu8WiMQrttt4.epl6aBcI0V9BlwUxzEakFrCEaGVrQ7C", 'PROFESSOR', 'ikija', '1313121251251', 'Sremska 63', '2008-10-03 22:59:52', 'm', 'da', 'DR');
INSERT INTO user(id, dtype ,last_name, name,password,role,user_name,jmbg,address,date_of_birth,gender,picture_path,title) VALUES ( '17','Professor',  'Mimi', 'Merc', "$2a$10$KVlDpMjpRVu8WiMQrttt4.epl6aBcI0V9BlwUxzEakFrCEaGVrQ7C", 'PROFESSOR', 'mimi', '1313121251251', 'Sremska 43', '2008-10-03 22:59:52', 'f', 'da', 'DR');

INSERT INTO transaction (id, bank_account,price, purpose, recipient, student_id) VALUES ('1', '312312-3123-2123', '200', 'prijava ispita', 'FTN', '1');
INSERT INTO transaction (id, bank_account,price, purpose, recipient, student_id) VALUES ('2', '31231231-1231-12', '2000', 'overa semestra', 'FTN', '1');
INSERT INTO transaction (id, bank_account,price, purpose, recipient, student_id) VALUES ('3', '31231231-1231-12', '6500', 'upis godine', 'FTN', '1');
INSERT INTO transaction (id, bank_account,price, purpose, recipient, student_id) VALUES ('4', '312312-3123-2123', '200', 'prijava ispita', 'FTN', '2');
INSERT INTO transaction (id, bank_account,price, purpose, recipient, student_id) VALUES ('5', '31231231-1231-12', '2000', 'overa semestra', 'FTN', '2');
INSERT INTO transaction (id, bank_account,price, purpose, recipient, student_id) VALUES ('6', '31231231-1231-12', '6500', 'upis godine', 'FTN', '2');
INSERT INTO transaction (id, bank_account,price, purpose, recipient, student_id) VALUES ('7', '312312-3123-2123', '200', 'prijava ispita', 'FTN', '3');
INSERT INTO transaction (id, bank_account,price, purpose, recipient, student_id) VALUES ('8', '31231231-1231-12', '2000', 'overa semestra', 'FTN', '3');
INSERT INTO transaction (id, bank_account,price, purpose, recipient, student_id) VALUES ('9', '31231231-1231-12', '6500', 'upis godine', 'FTN', '3');
INSERT INTO transaction (id, bank_account,price, purpose, recipient, student_id) VALUES ('10', '312312-3123-2123', '200', 'prijava ispita', 'FTN', '4');
INSERT INTO transaction (id, bank_account,price, purpose, recipient, student_id) VALUES ('11', '31231231-1231-12', '2000', 'overa semestra', 'FTN', '4');
INSERT INTO transaction (id, bank_account,price, purpose, recipient, student_id) VALUES ('12', '31231231-1231-12', '6500', 'upis godine', 'FTN', '4');

INSERT INTO document (id, name, path,student_id) VALUES ('1', 'indeks', 'aha', '1');
INSERT INTO document (id, name, path,student_id) VALUES ('2', 'uplatnica', 'aha', '1');
INSERT INTO document (id, name, path,student_id) VALUES ('3', 'diploma', 'aha', '1');
INSERT INTO document (id, name, path,student_id) VALUES ('4', 'indeks', 'aha', '2');
INSERT INTO document (id, name, path,student_id) VALUES ('6', 'uplatnica', 'aha', '2');
INSERT INTO document (id, name, path,student_id) VALUES ('5', 'diploma', 'aha', '2');
INSERT INTO document (id, name, path,student_id) VALUES ('7', 'indeks', 'aha', '3');
INSERT INTO document (id, name, path,student_id) VALUES ('8', 'uplatnica', 'aha', '3');
INSERT INTO document (id, name, path,student_id) VALUES ('9', 'diploma', 'aha', '3');
INSERT INTO document (id, name, path,student_id) VALUES ('10', 'indeks', 'aha', '4');
INSERT INTO document (id, name, path,student_id) VALUES ('11', 'uplatnica', 'aha', '4');
INSERT INTO document (id, name, path,student_id) VALUES ('12', 'diploma', 'aha', '4');
INSERT INTO subject (id,name,semester) VALUES ('1', 'Engleski', '1');
INSERT INTO subject (id,name,semester) VALUES ('2', 'OOP', '2');
INSERT INTO subject (id,name,semester) VALUES ('3', 'Matematika', '1');
INSERT INTO subject (id,name,semester) VALUES ('4', 'Android', '4');
INSERT INTO subject (id,name,semester) VALUES ('5', 'eObrazovanje', '6');
INSERT INTO subject (id,name,semester) VALUES ('6', 'eUprava', '6');
INSERT INTO subject (id,name,semester) VALUES ('7', 'UES', '5');
INSERT INTO subject (id,name,semester) VALUES ('8', 'Matekatika 2', '1');
INSERT INTO subject (id,name,semester) VALUES ('9', 'OIS', '2');
INSERT INTO subject (id,name,semester) VALUES ('10', 'URS', '2');
INSERT INTO subject (id,name,semester) VALUES ('11', 'XML', '5');

INSERT INTO exam (id,pass,points,student_id,subject_id) VALUES ('1', true, '90', '1','1');
INSERT INTO exam (id,pass,points,student_id,subject_id) VALUES ('2', true, '77', '1','2');
INSERT INTO exam (id,pass,points,student_id,subject_id) VALUES ('3', false, '44', '1','3');
INSERT INTO exam (id,pass,points,student_id,subject_id) VALUES ('4', true, '80', '1','5');
INSERT INTO exam (id,pass,points,student_id,subject_id) VALUES ('5', false, '20', '1','4');
INSERT INTO exam (id,pass,points,student_id,subject_id) VALUES ('6', true, '90', '2','1');
INSERT INTO exam (id,pass,points,student_id,subject_id) VALUES ('7', true, '77', '2','2');
INSERT INTO exam (id,pass,points,student_id,subject_id) VALUES ('8', false, '44', '2','3');
INSERT INTO exam (id,pass,points,student_id,subject_id) VALUES ('9', true, '80', '2','5');
INSERT INTO exam (id,pass,points,student_id,subject_id) VALUES ('10', false, '20', '2','4');
INSERT INTO exam (id,pass,points,student_id,subject_id) VALUES ('11', true, '90', '3','1');
INSERT INTO exam (id,pass,points,student_id,subject_id) VALUES ('12', true, '77', '3','2');
INSERT INTO exam (id,pass,points,student_id,subject_id) VALUES ('13', false, '44', '3','3');
INSERT INTO exam (id,pass,points,student_id,subject_id) VALUES ('14', true, '80', '3','5');
INSERT INTO exam (id,pass,points,student_id,subject_id) VALUES ('15', false, '20', '3','4');
INSERT INTO exam (id,pass,points,student_id,subject_id) VALUES ('16', true, '90', '4','1');
INSERT INTO exam (id,pass,points,student_id,subject_id) VALUES ('17', true, '77', '4','2');
INSERT INTO exam (id,pass,points,student_id,subject_id) VALUES ('18', false, '44', '4','3');
INSERT INTO exam (id,pass,points,student_id,subject_id) VALUES ('19', true, '80', '4','5');
INSERT INTO exam (id,pass,points,student_id,subject_id) VALUES ('20', false, '20', '4','4');
INSERT INTO exam (id,pass,points,student_id,subject_id) VALUES ('21', true, '90', '5','1');
INSERT INTO exam (id,pass,points,student_id,subject_id) VALUES ('22', true, '77', '5','2');
INSERT INTO exam (id,pass,points,student_id,subject_id) VALUES ('23', false, '44', '5','3');
INSERT INTO exam (id,pass,points,student_id,subject_id) VALUES ('24', true, '80', '5','5');
INSERT INTO exam (id,pass,points,student_id,subject_id) VALUES ('25', false, '20', '5','4');
INSERT INTO exam (id,pass,points,student_id,subject_id) VALUES ('26', true, '90', '6','1');
INSERT INTO exam (id,pass,points,student_id,subject_id) VALUES ('27', true, '77', '6','2');
INSERT INTO exam (id,pass,points,student_id,subject_id) VALUES ('28', false, '44', '6','3');
INSERT INTO exam (id,pass,points,student_id,subject_id) VALUES ('29', true, '80', '6','5');
INSERT INTO exam (id,pass,points,student_id,subject_id) VALUES ('30', false, '20', '6','4');
INSERT INTO exam (id,pass,points,student_id,subject_id) VALUES ('31', true, '90', '7','1');
INSERT INTO exam (id,pass,points,student_id,subject_id) VALUES ('32', true, '77', '7','2');
INSERT INTO exam (id,pass,points,student_id,subject_id) VALUES ('33', false, '44', '7','3');
INSERT INTO exam (id,pass,points,student_id,subject_id) VALUES ('34', true, '80', '7','5');
INSERT INTO exam (id,pass,points,student_id,subject_id) VALUES ('35', false, '20', '7','4');






INSERT INTO obligation(id,date_of_obligation,obligation_type,points,subject_id) VALUES ('1', '2017-10-03 22:59:52', 'kolokvijum 1', '30', '1');
INSERT INTO obligation(id,date_of_obligation,obligation_type,points,subject_id) VALUES ('2', '2017-10-03 22:59:52', 'kolokvijum 2', '20', '1');
INSERT INTO obligation(id,date_of_obligation,obligation_type,points,subject_id) VALUES ('3', '2017-10-03 22:59:52', 'usmeni', '30', '1');
INSERT INTO obligation(id,date_of_obligation,obligation_type,points,subject_id) VALUES ('4', '2017-10-03 22:59:52', 'test', '20', '1');
INSERT INTO obligation(id,date_of_obligation,obligation_type,points,subject_id) VALUES ('5', '2017-10-03 22:59:52', 'kolokvijum 1', '30', '2');
INSERT INTO obligation(id,date_of_obligation,obligation_type,points,subject_id) VALUES ('6', '2017-10-03 22:59:52', 'kolokvijum 2', '20', '2');
INSERT INTO obligation(id,date_of_obligation,obligation_type,points,subject_id) VALUES ('7', '2017-10-03 22:59:52', 'usmeni', '30', '2');
INSERT INTO obligation(id,date_of_obligation,obligation_type,points,subject_id) VALUES ('8', '2017-10-03 22:59:52', 'test', '20', '2');
INSERT INTO obligation(id,date_of_obligation,obligation_type,points,subject_id) VALUES ('9', '2017-10-03 22:59:52', 'kolokvijum 1', '30', '3');
INSERT INTO obligation(id,date_of_obligation,obligation_type,points,subject_id) VALUES ('10', '2017-10-03 22:59:52', 'kolokvijum 2', '20', '3');
INSERT INTO obligation(id,date_of_obligation,obligation_type,points,subject_id) VALUES ('11', '2017-10-03 22:59:52', 'usmeni', '30', '3');
INSERT INTO obligation(id,date_of_obligation,obligation_type,points,subject_id) VALUES ('12', '2017-10-03 22:59:52', 'test', '20', '3');
INSERT INTO obligation(id,date_of_obligation,obligation_type,points,subject_id) VALUES ('13', '2017-10-03 22:59:52', 'kolokvijum 1', '30', '4');
INSERT INTO obligation(id,date_of_obligation,obligation_type,points,subject_id) VALUES ('14', '2017-10-03 22:59:52', 'kolokvijum 2', '20', '4');
INSERT INTO obligation(id,date_of_obligation,obligation_type,points,subject_id) VALUES ('15', '2017-10-03 22:59:52', 'usmeni', '30', '4');
INSERT INTO obligation(id,date_of_obligation,obligation_type,points,subject_id) VALUES ('16', '2017-10-03 22:59:52', 'test', '20', '4');
INSERT INTO obligation(id,date_of_obligation,obligation_type,points,subject_id) VALUES ('17', '2017-10-03 22:59:52', 'kolokvijum 1', '30', '5');
INSERT INTO obligation(id,date_of_obligation,obligation_type,points,subject_id) VALUES ('18', '2017-10-03 22:59:52', 'kolokvijum 2', '20', '5');
INSERT INTO obligation(id,date_of_obligation,obligation_type,points,subject_id) VALUES ('19', '2017-10-03 22:59:52', 'usmeni', '30', '5');
INSERT INTO obligation(id,date_of_obligation,obligation_type,points,subject_id) VALUES ('20', '2017-10-03 22:59:52', 'test', '20', '5');
INSERT INTO obligation(id,date_of_obligation,obligation_type,points,subject_id) VALUES ('21', '2017-10-03 22:59:52', 'kolokvijum 1', '30', '6');
INSERT INTO obligation(id,date_of_obligation,obligation_type,points,subject_id) VALUES ('22', '2017-10-03 22:59:52', 'kolokvijum 2', '20', '6');
INSERT INTO obligation(id,date_of_obligation,obligation_type,points,subject_id) VALUES ('23', '2017-10-03 22:59:52', 'usmeni', '30', '6');
INSERT INTO obligation(id,date_of_obligation,obligation_type,points,subject_id) VALUES ('24', '2017-10-03 22:59:52', 'test', '20', '6');
INSERT INTO obligation(id,date_of_obligation,obligation_type,points,subject_id) VALUES ('25', '2017-10-03 22:59:52', 'kolokvijum 1', '30', '7');
INSERT INTO obligation(id,date_of_obligation,obligation_type,points,subject_id) VALUES ('26', '2017-10-03 22:59:52', 'kolokvijum 2', '20', '7');
INSERT INTO obligation(id,date_of_obligation,obligation_type,points,subject_id) VALUES ('27', '2017-10-03 22:59:52', 'usmeni', '30', '7');
INSERT INTO obligation(id,date_of_obligation,obligation_type,points,subject_id) VALUES ('28', '2017-10-03 22:59:52', 'test', '20', '7');
INSERT INTO obligation(id,date_of_obligation,obligation_type,points,subject_id) VALUES ('29', '2017-10-03 22:59:52', 'kolokvijum 1', '30', '8');
INSERT INTO obligation(id,date_of_obligation,obligation_type,points,subject_id) VALUES ('30', '2017-10-03 22:59:52', 'kolokvijum 2', '20', '8');
INSERT INTO obligation(id,date_of_obligation,obligation_type,points,subject_id) VALUES ('31', '2017-10-03 22:59:52', 'usmeni', '30', '8');
INSERT INTO obligation(id,date_of_obligation,obligation_type,points,subject_id) VALUES ('32', '2017-10-03 22:59:52', 'test', '20', '8');
INSERT INTO obligation(id,date_of_obligation,obligation_type,points,subject_id) VALUES ('33', '2017-10-03 22:59:52', 'kolokvijum 1', '30', '9');
INSERT INTO obligation(id,date_of_obligation,obligation_type,points,subject_id) VALUES ('34', '2017-10-03 22:59:52', 'kolokvijum 2', '20', '9');
INSERT INTO obligation(id,date_of_obligation,obligation_type,points,subject_id) VALUES ('35', '2017-10-03 22:59:52', 'usmeni', '30', '9');
INSERT INTO obligation(id,date_of_obligation,obligation_type,points,subject_id) VALUES ('36', '2017-10-03 22:59:52', 'test', '20', '9');
INSERT INTO obligation(id,date_of_obligation,obligation_type,points,subject_id) VALUES ('37', '2017-10-03 22:59:52', 'kolokvijum 1', '30', '10');
INSERT INTO obligation(id,date_of_obligation,obligation_type,points,subject_id) VALUES ('38', '2017-10-03 22:59:52', 'kolokvijum 2', '20', '10');
INSERT INTO obligation(id,date_of_obligation,obligation_type,points,subject_id) VALUES ('39', '2017-10-03 22:59:52', 'usmeni', '30', '10');
INSERT INTO obligation(id,date_of_obligation,obligation_type,points,subject_id) VALUES ('40', '2017-10-03 22:59:52', 'test', '20', '10');
INSERT INTO obligation(id,date_of_obligation,obligation_type,points,subject_id) VALUES ('41', '2017-10-03 22:59:52', 'kolokvijum 1', '30', '11');
INSERT INTO obligation(id,date_of_obligation,obligation_type,points,subject_id) VALUES ('42', '2017-10-03 22:59:52', 'kolokvijum 2', '20', '11');
INSERT INTO obligation(id,date_of_obligation,obligation_type,points,subject_id) VALUES ('43', '2017-10-03 22:59:52', 'usmeni', '30', '11');
INSERT INTO obligation(id,date_of_obligation,obligation_type,points,subject_id) VALUES ('44', '2017-10-03 22:59:52', 'test', '20', '11');

INSERT INTO professor_role(id,role,professor_id,subject_id) VALUES ('1', 'asistent', '9', '1');
INSERT INTO professor_role(id,role,professor_id,subject_id) VALUES ('2', 'saradnik u nastavi', '11', '1');
INSERT INTO professor_role(id,role,professor_id,subject_id) VALUES ('3', 'profesor', '12', '2');
INSERT INTO professor_role(id,role,professor_id,subject_id) VALUES ('4', 'demonstrator', '13', '2');
INSERT INTO professor_role(id,role,professor_id,subject_id) VALUES ('5', 'asistent', '14', '3');
INSERT INTO professor_role(id,role,professor_id,subject_id) VALUES ('6', 'saradnik u nastavi', '15', '3');
INSERT INTO professor_role(id,role,professor_id,subject_id) VALUES ('7', 'profesor', '15', '4');
INSERT INTO professor_role(id,role,professor_id,subject_id) VALUES ('8', 'demonstrator', '16', '4');
INSERT INTO professor_role(id,role,professor_id,subject_id) VALUES ('9', 'saradnik u nastavi', '17', '5');
INSERT INTO professor_role(id,role,professor_id,subject_id) VALUES ('10', 'profesor', '12', '5');
INSERT INTO professor_role(id,role,professor_id,subject_id) VALUES ('11', 'demonstrator', '9', '6');
INSERT INTO professor_role(id,role,professor_id,subject_id) VALUES ('12', 'profesor', '15', '6');
INSERT INTO professor_role(id,role,professor_id,subject_id) VALUES ('13', 'demonstrator', '16', '7');
INSERT INTO professor_role(id,role,professor_id,subject_id) VALUES ('14', 'saradnik u nastavi', '17', '7');
INSERT INTO professor_role(id,role,professor_id,subject_id) VALUES ('15', 'profesor', '12', '8');
INSERT INTO professor_role(id,role,professor_id,subject_id) VALUES ('16', 'asistent', '9', '8');
INSERT INTO professor_role(id,role,professor_id,subject_id) VALUES ('17', 'saradnik u nastavi', '17', '9');
INSERT INTO professor_role(id,role,professor_id,subject_id) VALUES ('18', 'profesor', '12', '9');
INSERT INTO professor_role(id,role,professor_id,subject_id) VALUES ('19', 'demonstrator', '9', '10');
INSERT INTO professor_role(id,role,professor_id,subject_id) VALUES ('20', 'profesor', '15', '10');
INSERT INTO professor_role(id,role,professor_id,subject_id) VALUES ('21', 'demonstrator', '16', '11');
INSERT INTO professor_role(id,role,professor_id,subject_id) VALUES ('22', 'saradnik u nastavi', '17', '11');
INSERT INTO professor_role(id,role,professor_id,subject_id) VALUES ('23', 'asistent', '12', '3');
INSERT INTO professor_role(id,role,professor_id,subject_id) VALUES ('24', 'asistent', '9', '1');

INSERT INTO user_subjects (students_id,subjects_id) VALUES ('1', '1');
INSERT INTO user_subjects (students_id,subjects_id) VALUES ('2', '1');
INSERT INTO user_subjects (students_id,subjects_id) VALUES ('3', '1');
INSERT INTO user_subjects (students_id,subjects_id) VALUES ('1', '2');
INSERT INTO user_subjects (students_id,subjects_id) VALUES ('1', '3');
INSERT INTO user_subjects (students_id,subjects_id) VALUES ('4', '2');
INSERT INTO user_subjects (students_id,subjects_id) VALUES ('5', '4');
INSERT INTO user_subjects (students_id,subjects_id) VALUES ('6', '5');

